Workbook

Sheet Overview
A1: Project Status Tracker
A3: Dynamic overview driven by the Project Tracker sheet.
A5: ="Unique JIRA IDs"&CHAR(10)&(COUNTA('Project Tracker'!B:B)-1) -> Unique JIRA IDs 26 | C5: ="Production Issues"&CHAR(10)&(COUNTA('Production Issues'!A:A)-1) -> Production Issues 4
A10: Status Count
A11: Status | B11: Count
A12: Development | B12: =COUNTIF('Project Tracker'!D:D,"Development") -> 5
A13: SIT | B13: =COUNTIF('Project Tracker'!D:D,"SIT") -> 0
A14: UAT | B14: =COUNTIF('Project Tracker'!D:D,"UAT") -> 1
A15: EA | B15: =COUNTIF('Project Tracker'!D:D,"EA")+COUNTIF('Project Tracker'!D:D,"EA.FSD")+COUNTIF('Project Tracker'!D:D,"EA FSD")+COUNTIF('Project Tracker'!D:D,"EA/FSD")+COUNTIF('Project Tracker'!D:D,"EA - FSD") -> 0
A16: In Progress | B16: =COUNTIF('Project Tracker'!D:D,"In Progress") -> 2
A17: RTB - Handover | B17: =COUNTIF('Project Tracker'!D:D,"RTB - Handover")+COUNTIF('Project Tracker'!D:D,"RTB-Handover")+COUNTIF('Project Tracker'!D:D,"RTB Handover") -> 5
A18: Grooming | B18: =COUNTIF('Project Tracker'!D:D,"Grooming") -> 2
A19: Pending | B19: =COUNTIF('Project Tracker'!D:D,"Pending") -> 2
A20: Staging | B20: =COUNTIF('Project Tracker'!D:D,"Staging") -> 0
A21: FSD | B21: =COUNTIF('Project Tracker'!D:D,"FSD") -> 1
A22: Gone Live | B22: =COUNTIF('Project Tracker'!D:D,"Gone Live") -> 5
A23: Go-Live | B23: =COUNTIF('Project Tracker'!D:D,"Go-Live")+COUNTIF('Project Tracker'!D:D,"Go Live") -> 1
A24: PGL | B24: =COUNTIF('Project Tracker'!D:D,"PGL") -> 0
A25: Analysis | B25: =COUNTIF('Project Tracker'!D:D,"Analysis") -> 0
A26: Support | B26: =COUNTIF('Project Tracker'!D:D,"Support") -> 2

Sheet Project Tracker
A1: Sno | B1: JIRA ID | C1: Initiative / Title | D1: Status | E1: Developer | F1: Grooming | G1: FSD | H1: EA | I1: Dev | J1: SIT | K1: UAT | L1: Staging | M1: Go-Live | N1: RTB - Handover
A2: 1 | B2: DMGT-22 | C2: ESG Millionaire Draw / ESG Millionaire ECD | D2: Gone Live | F2: =CHAR(252) -> ü | G2: =CHAR(252) -> ü | H2: =CHAR(252) -> ü | I2: =CHAR(252) -> ü | J2: =CHAR(252) -> ü | K2: =CHAR(252) -> ü | L2: =CHAR(252) -> ü | M2: =CHAR(252) -> ü | N2: =CHAR(251) -> û
A3: 2 | B3: DMGT-65 | C3: HF48 - Phase 1 | D3: Gone Live | E3: Manish | F3: =CHAR(252) -> ü | G3: =CHAR(252) -> ü | H3: =CHAR(252) -> ü | I3: =CHAR(252) -> ü | J3: =CHAR(252) -> ü | K3: =CHAR(252) -> ü | L3: =CHAR(252) -> ü | M3: =CHAR(252) -> ü | N3: =CHAR(251) -> û
A4: 3 | B4: DMGT-253 | C4: HF-Product Takaful Provider Integration and Rate Management | D4: Grooming | F4: =CHAR(252) -> ü
A5: 4 | B5: DMGT-328 | C5: Addition and Deletion Customer Details in HFLMS | D5: In Progress | F5: =CHAR(252) -> ü
A6: 5 | B6: DMGT-407 | C6: Dated Security Cheque Printing (HFLMS & FinnOne) | D6: Pending | F6: =CHAR(252) -> ü
A7: 6 | B7: DMGT-442 | C7: HF Emirates Face Recognition (EFR) - Phase 1 | D7: Go-Live | F7: =CHAR(252) -> ü
A8: 7 | B8: DMGT-443 | C8: DDA Cancellation | D8: UAT | F8: =CHAR(252) -> ü
A9: 8 | B9: DMGT-698 | C9: Migration of DIB Legacy to HFLMS | D9: Support | F9: =CHAR(150) -> – | G9: =CHAR(150) -> – | H9: =CHAR(252) -> ü | I9: =CHAR(252) -> ü | J9: =CHAR(251) -> û
A10: 9 | B10: DMGT-947 | C10: Addition of customer name fields(Arabic) HF LMS | D10: Development | E10: Sneha | F10: =CHAR(252) -> ü
A11: 10 | B11: DMGT-1020 | C11: Dedup Logic Controls in DIB Customer Onboarding Platforms | D11: Development | F11: =CHAR(252) -> ü
A12: 11 | B12: DMGT-1260 | C12: ESD - Climate Risk Data | D12: Gone Live | F12: =CHAR(252) -> ü
A13: 12 | B13: DMGT-1272 | C13: Input Fields Validation / Input fields validations | D13: In Progress | F13: =CHAR(252) -> ü
A14: 13 | B14: DMGT-1340 | C14: AECB for Sales | D14: Gone Live | F14: =CHAR(252) -> ü
A15: 14 | B15: DMGT-1406 | C15: CPR Personal Data Consent Management | D15: Grooming | F15: =CHAR(251) -> û | G15: =CHAR(251) -> û | H15: =CHAR(251) -> û | I15: =CHAR(251) -> û | J15: =CHAR(251) -> û | K15: =CHAR(251) -> û | L15: =CHAR(251) -> û | M15: =CHAR(251) -> û | N15: =CHAR(251) -> û
A16: 15 | B16: DMGT-1416 | C16: MBRE Non Subsidy | D16: RTB - Handover | F16: =CHAR(252) -> ü
A17: 16 | B17: DMGT-1525 | C17: EMX Delivery Partner | D17: Support | F17: =CHAR(252) -> ü
A18: 17 | B18: DMGT-1526 | C18: QR code Liability and Non-Liability Letter | D18: Gone Live | E18: Hariprasath | F18: =CHAR(252) -> ü | H18: =CHAR(252) -> ü | I18: =CHAR(252) -> ü | J18: =CHAR(252) -> ü | K18: =CHAR(252) -> ü | L18: =CHAR(252) -> ü | M18: =CHAR(252) -> ü | N18: =CHAR(252) -> ü
A19: 18 | B19: DMGT-1792 | C19: Digitization of HF contract documents and contract mapping | D19: Development | E19: Raquib
A20: 19 | B20: DMGT-1825 | C20: CRAT PGL Issue - LAST REVIEW DATE not passed to CRAT | D20: Pending
A21: 20 | B21: DMGT-1842 | C21: EFR billing | D21: FSD
A22: 21 | B22: DMGT-1943 | C22: HF48 Phase 2 | D22: Development
A23: 22 | B23: DMGT-1966 | C23: Duplicate CIF Linkage of closed customer | D23: Development
A24: 23 | B24: DMGT-1981 | C24: Low Doc / Create a flag in HF LMS to identify the low doc customers | D24: RTB - Handover | F24: =CHAR(252) -> ü | G24: =CHAR(252) -> ü | H24: =CHAR(252) -> ü | I24: =CHAR(252) -> ü | J24: =CHAR(252) -> ü | K24: =CHAR(252) -> ü | L24: =CHAR(252) -> ü | M24: =CHAR(252) -> ü | N24: =CHAR(251) -> û
A25: 24 | B25: DMGT-2046 | C25: DR Module | D25: RTB - Handover | F25: =CHAR(252) -> ü | G25: =CHAR(252) -> ü | H25: =CHAR(252) -> ü | I25: =CHAR(252) -> ü | J25: =CHAR(252) -> ü | K25: =CHAR(252) -> ü | L25: =CHAR(252) -> ü | M25: =CHAR(252) -> ü | N25: =CHAR(251) -> û
A26: 25 | B26: DMGT-2135 | C26: Frontline hero offer HF / Frontliner Hero | D26: RTB - Handover | F26: =CHAR(252) -> ü | G26: =CHAR(252) -> ü | H26: =CHAR(252) -> ü | I26: =CHAR(252) -> ü | J26: =CHAR(252) -> ü | K26: =CHAR(252) -> ü | L26: =CHAR(252) -> ü | M26: =CHAR(252) -> ü | N26: =CHAR(251) -> û
A27: 26 | B27: DMGT-341 | C27: CIF data enhancements | D27: RTB - Handover | F27: =CHAR(252) -> ü | G27: =CHAR(252) -> ü | H27: =CHAR(252) -> ü | I27: =CHAR(252) -> ü | J27: =CHAR(252) -> ü | K27: =CHAR(252) -> ü | L27: =CHAR(252) -> ü | M27: =CHAR(252) -> ü | N27: =CHAR(251) -> û

Sheet Production Issues
A1: JIRA ID | B1: Initiative | C1: Grooming | D1: FSD Sent | E1: FSD Sign off | F1: EA | G1: Dev | H1: SIT | I1: UAT | J1: Staging | K1: Go-Live | L1: PGL | M1: RTB - Handover | N1: Status | O1: Remarks | P1: Delay Remarks | Q1: Developer
A2: NA | B2: PDF WITH ZERO KB in DDS UAT TEST - DDS Production issue
A3: NA | B3: Payment Flag in the MRC Report - Production issue
A4: NA | B4: MF202826 - ANTOINE HADDAD - MF147986 - Production issue
A5: NA | B5: Aftersales Performance Improvement
